INSERT INTO `process`
     ( `process_id`
     , `created_at`
     , `updated_at`
     , `content_manager_uuid`
     , `content_uuid`
     , `end_date`
     , `name`
     , `position`
     , `reported_date`
     , `start_date`
     , `state`
     , `workspace_uuid`
     )
VALUES (1, '2020-05-13 14:20:12', '2020-05-25 14:20:14', '4ffd52e92874da7392ffdf103c8d987e', 'c6c39570-2fb0-4cf5-bd53-18f907302a87', '2025-05-07 10:44:46', '더미 프로세스1', '앞', NULL, '2020-05-01 14:55:50', 'CREATED', '4d6eab0860969a50acbfa4599fbb5ae8')
     , (2, '2020-05-13 14:20:49', '2020-07-01 02:01:08', '4ffd52e92874da7392ffdf103c8d987e', 'c6c39570-2fb0-4cf5-bd53-18f907302a87', '2020-01-16 03:20:33', '더미 프로세스2', 'A 라인 2번 3번째 기계', '2020-05-12 14:55:37', '2020-01-16 02:20:33', 'CREATED', '4d6eab0860969a50acbfa4599fbb5ae8')
     , (3, '2020-05-13 14:21:06', '2020-05-13 14:21:07', '4ffd52e92874da7392ffdf103c8d987e', 'c6c39570-2fb0-4cf5-bd53-18f907302a87', '2025-05-07 10:44:46', '더미 프로세스3', '왼쪽', '2020-05-12 14:55:40', '2020-05-03 14:56:00', 'UPDATED', '4d6eab0860969a50acbfa4599fbb5ae8')
     , (4, '2020-05-13 14:21:22', '2020-05-25 14:21:23', '4ffd52e92874da7392ffdf103c8d987e', 'c6c39570-2fb0-4cf5-bd53-18f907302a87', '2025-05-07 10:44:46', '더미 프로세스4', '오른쪽', '2020-05-12 14:55:42', '2020-05-13 14:56:04', 'CLOSED', '4d6eab0860969a50acbfa4599fbb5ae8')
     , (5, '2020-05-13 14:21:42', '2020-05-13 14:21:43', '4ffd52e92874da7392ffdf103c8d987e', 'c6c39570-2fb0-4cf5-bd53-18f907302a87', '2025-05-07 10:44:46', 'Dummy Process5', 'Front', '2020-05-12 14:55:45', '2020-05-15 14:56:13', 'CREATED', '4d6eab0860969a50acbfa4599fbb5ae8');

INSERT INTO `sub_process`
     ( `sub_process_id`
     , `created_at`
     , `updated_at`
     , `end_date`
     , `is_recent`
     , `name`
     , `priority`
     , `reported_date`
     , `start_date`
     , `worker_uuid`
     , `process_id`
     )
VALUES (1, '2020-05-13 14:26:37', '2020-07-01 01:43:49', '2020-01-16 05:14:02', 'YES', '더미 서브1-1', 1, '2020-05-13 16:23:55', '2020-01-16 04:14:02', '498b1839dc29ed7bb2ee90ad6985c608', 1)
	 , (2, '2020-05-13 14:28:52', '2020-05-13 14:28:54', '2020-05-13 14:28:54', 'NO', '더미 서브1-2', 2, '2020-05-13 16:24:11', '2020-05-13 16:24:17', '4ffd52e92874da7392ffdf103c8d987e', 1)
	 , (3, '2020-05-13 14:46:53', '2020-05-13 14:46:54', '2020-05-13 15:57:05', 'NO', '더미 서브 2-1', 1, '2020-05-13 16:24:12', '2020-05-13 16:24:17', '4ffd52e92874da7392ffdf103c8d987e', 2)
	 , (4, '2020-05-13 14:47:08', '2020-07-01 02:01:08', '2020-01-16 05:14:02', 'YES', '더미 서브 2-2', 2, '2020-05-13 16:24:13', '2020-01-16 04:14:02', '498b1839dc29ed7bb2ee90ad6985c608', 2)
	 , (5, '2020-05-13 14:47:31', '2020-05-13 14:47:32', '2020-05-13 15:57:05', 'NO', '더미 서브 3-1', 1, '2020-05-13 16:24:13', '2020-05-13 16:24:18', '4ffd52e92874da7392ffdf103c8d987e', 3)
	 , (6, '2020-05-13 14:47:44', '2020-05-13 14:47:44', '2020-05-13 15:57:05', 'NO', '더미 서브 4-1', 1, '2020-05-13 16:24:14', '2020-05-13 16:24:19', '4ffd52e92874da7392ffdf103c8d987e', 4)
	 , (7, '2020-05-13 14:47:57', '2020-07-01 01:44:07', '2020-01-16 05:14:02', 'YES', '더미 서브 4-2', 2, '2020-05-13 16:24:14', '2020-01-16 04:14:02', '498b1839dc29ed7bb2ee90ad6985c608', 4)
	 , (8, '2020-05-13 14:48:09', '2020-05-13 14:48:10', '2020-05-13 15:57:05', 'NO', '더미 서브 4-3', 3, '2020-05-13 16:24:15', '2020-05-13 16:24:20', '4ffd52e92874da7392ffdf103c8d987e', 4)
	 , (9, '2020-05-13 14:48:28', '2020-05-13 14:48:29', '2020-05-13 15:57:05', 'NO', 'Dummy Sub 5-1', 1, '2020-05-13 16:24:15', '2020-05-13 16:24:20', '4ffd52e92874da7392ffdf103c8d987e', 5)
	 , (10, '2020-05-13 14:48:40', '2020-05-13 14:48:41', '2020-05-13 15:57:05', 'NO', 'Dummy Sub 5-2', 2, '2022-05-13 16:24:16', '2020-05-13 16:24:21', '4ffd52e92874da7392ffdf103c8d987e', 5);

INSERT INTO `job`
     ( `job_id`
     , `created_at`
     , `updated_at`
     , `is_reported`
     , `name`
     , `priority`
     , `result`
     , `sub_process_id`
     )
VALUES (1, '2020-05-13 14:49:00', '2020-05-13 14:49:02', 'YES', '더미 잡 1-1-1', 1, 'OK', 1)
	 , (2, '2020-05-13 14:49:36', '2020-05-13 14:49:37', 'NO', '더미 잡 1-2-1', 2, 'OK', 1)
	 , (3, '2020-05-13 14:49:52', '2020-05-13 14:49:53', 'YES', '더미 잡 2-1-1', 1, 'OK', 2)
	 , (4, '2020-05-13 14:50:02', '2020-05-13 14:50:03', 'YES', '더미 잡 2-1-2', 2, 'OK', 2)
	 , (5, '2020-05-13 14:50:14', '2020-05-13 14:50:15', 'YES', '더미 잡 2-2-1', 3, 'OK', 2)
	 , (6, '2020-05-13 14:50:35', '2020-05-13 14:50:36', 'YES', '더미 잡 3-1-1', 1, 'OK', 3)
	 , (7, '2020-05-13 14:50:59', '2020-05-13 14:51:00', 'YES', '더미 잡 3-2-1', 1, 'OK', 3)
	 , (8, '2020-05-13 14:51:12', '2020-05-13 14:51:12', 'YES', '더미 잡 4-1-1', 1, 'OK', 4)
	 , (9, '2020-05-13 14:51:21', '2020-05-13 14:51:21', 'YES', '더미 잡 4-1-2', 1, 'OK', 4);

INSERT INTO `report`
     ( `report_id`
     , `created_at`
     , `updated_at`
     , `job_id`
     )
VALUES (1, '2020-05-13 14:52:36', '2020-05-13 14:52:37', 1)
     , (2, '2020-05-13 14:52:54', '2020-05-13 14:52:55', 2)
     , (3, '2020-05-13 14:53:01', '2020-05-13 14:53:01', 3)
     , (4, '2020-05-13 14:53:04', '2020-05-13 14:53:05', 4)
     , (5, '2020-05-13 14:53:08', '2020-05-13 14:53:08', 5)
     , (6, '2020-05-13 14:53:12', '2020-05-18 14:53:13', 6)
     , (7, '2020-05-13 14:53:17', '2020-05-18 16:53:16', 7)
     , (8, '2020-05-13 14:53:21', '2020-05-18 18:53:21', 8)
     , (9, '2020-05-13 14:53:35', '2020-05-18 16:53:36', 9);

INSERT INTO `issue`
     ( `issue_id`
     , `created_at`
     , `updated_at`
     , `content`
     , `photo_file_path`
     , `worker_uuid`
     , `job_id`
     )
VALUES (1, '2020-05-13 16:44:06', '2020-05-13 16:44:06', '더미 이슈 컨텐츠', NULL, '4ffd52e92874da7392ffdf103c8d987e', 2)
	 , (2, '2020-05-18 10:49:01', '2020-05-18 10:49:01', '더미 이슈 컨텐츠 2', NULL, '4ffd52e92874da7392ffdf103c8d987e', 1)
	 , (3, '2020-05-21 14:14:19', '2020-05-21 14:14:20', '더미 이슈 컨텐츠3', NULL, '4ffd52e92874da7392ffdf103c8d987e', 1)
	 , (9, '2020-07-02 09:49:59', '2020-07-02 09:49:59', 'string', '', '4ffd52e92874da7392ffdf103c8d987e', 1)
	 , (10, '2020-07-02 09:50:12', '2020-07-02 09:50:12', 'string', NULL, '4ffd52e92874da7392ffdf103c8d987e', NULL)
	 , (11, '2020-07-02 09:51:05', '2020-07-02 09:51:05', 'string', NULL, '4ffd52e92874da7392ffdf103c8d987e', NULL)
	 , (12, '2020-07-02 09:51:48', '2020-07-02 09:51:48', 'string', NULL, '4ffd52e92874da7392ffdf103c8d987e', NULL);

INSERT INTO `item`
     ( `item_id`
     , `created_at`
     , `updated_at`
     , `answer`
     , `photo_file_path`
     , `priority`
     , `result`
     , `title`
     , `type`
     , `report_id`
     )
VALUES (1, '2020-05-13 16:24:56', '2020-05-13 16:24:57', '더미 대답1', NULL, 1, 'OK', '더미 아이템1', 'REPORT', 1)
	 , (2, '2020-05-13 16:25:37', '2020-05-13 16:25:38', '더미 대답2', NULL, 1, 'NOK', '더미 아이템2', 'REPORT', 2)
	 , (3, '2020-05-13 16:25:49', '2020-05-13 16:25:50', '더미 대답3', NULL, 1, 'OK', '더미 아이템3', 'REPORT', 3)
	 , (4, '2020-05-13 16:25:51', '2020-05-13 16:25:52', '더미 대답4', NULL, 1, 'OK', '더미 아이템4', 'REPORT', 4)
	 , (5, '2020-05-13 16:25:53', '2020-05-13 16:25:54', '더미 대답5', NULL, 1, 'OK', '더미 아이템5', 'REPORT', 5);

INSERT INTO `target`
     ( `target_id`
     , `created_at`
     , `updated_at`
     , `data`
     , `type`
     , `img_path`
     , `process_id`
     )
VALUES (4, '2020-05-15 16:08:58', '2020-05-15 16:08:58', '3fe41ea4-c1ee-474d-886d-902f183aecee', 'QR', NULL, 1)
	 , (5, '2020-05-15 16:10:21', '2020-05-15 16:10:22', '6e0d0673-8e8c-4c5b-86a5-a426286f020d', 'QR', NULL, 2)
	 , (6, '2020-05-15 18:16:26', '2020-05-15 18:16:26', '55512312', 'QR', NULL, 3)
	 , (7, '2020-05-15 18:16:37', '2020-05-15 18:16:38', '12412415125', 'QR', NULL, 4);

INSERT INTO `daily_total`
     ( `id`
     , `created_at`
     , `updated_at`
     , `total_count_processes`
     , `total_rate`
     )
VALUES (1, '2020-04-24 14:59:55', '2020-04-24 14:59:55', 0, 0)
     , (2, '2020-04-25 14:59:55', '2020-04-25 14:59:55', 0, 0)
     , (3, '2020-04-26 14:59:55', '2020-04-26 14:59:55', 0, 0)
     , (4, '2020-04-27 14:59:55', '2020-04-27 14:59:55', 0, 0)
     , (5, '2020-04-28 14:59:55', '2020-04-28 14:59:55', 0, 0)
     , (6, '2020-04-29 14:59:55', '2020-04-30 15:00:00', 0, 0)
     , (7, '2020-04-30 14:59:55', '2020-04-30 15:01:55', 0, 0)
     , (8, '2020-05-01 14:59:55', '2020-05-01 14:59:55', 0, 0)
     , (9, '2020-05-02 14:59:55', '2020-05-02 14:59:55', 0, 0)
     , (10, '2020-05-03 14:59:55', '2020-05-03 14:59:55', 0, 0);

INSERT INTO `daily_total_workspace`
     ( `id`
     , `created_at`
     , `updated_at`
     , `total_count_processes`
     , `total_rate`
     , `workspace_uuid`
     , `daily_total_id`
     )
VALUES (1, '2020-05-13 14:59:56', '2020-05-13 14:59:56', 8, 75, '4d6eab0860969a50acbfa4599fbb5ae8', 20)
	 , (2, '2020-05-14 14:59:55', '2020-05-14 14:59:55', 9, 75, '4d6eab0860969a50acbfa4599fbb5ae8', 21)
	 , (3, '2020-05-15 05:59:55', '2020-05-15 05:59:55', 9, 75, '4d6eab0860969a50acbfa4599fbb5ae8', 22);