INSERT INTO `os` (`os_id`, `created_at`, `updated_at`, `name`, `description`)
VALUES (1, '2020-06-05 10:07:02', '2020-06-05 10:07:02', 'IOS', 'IOS'),
       (2, '2020-06-05 10:07:02', '2020-06-05 10:07:02', 'ANDROID', 'ANDROID'),
       (3, '2020-06-05 10:07:02', '2020-06-05 10:07:02', 'WINDOWS', 'WINDOWS'),
       (4, '2020-06-05 10:07:02', '2020-06-05 10:07:02', 'LINUX', 'LINUX'),
       (5, '2021-06-04 09:46:17', '2021-06-04 09:46:16', 'WINDOWS_UWP', 'Windows(UWP)'),
       (6, '2021-06-04 09:47:08', '2021-06-04 09:47:08', 'UNITY_3D', 'Unity 3D');

INSERT INTO `product` (`product_id`, `created_at`, `updated_at`, `name`, `description`)
VALUES (1, '2020-08-18 15:21:43', '2020-08-18 15:21:38', 'REMOTE', 'REMOTE'),
       (2, '2020-08-18 15:21:42', '2020-08-18 15:21:39', 'MAKE', 'MAKE'),
       (3, '2020-08-18 15:21:41', '2020-08-18 15:21:39', 'VIEW', 'VIEW'),
       (4, '2020-08-18 15:21:40', '2020-08-18 15:21:40', 'PLATFORM', 'PLATFORM'),
       (5, '2020-12-03 11:30:23', '2020-12-03 11:30:23', 'TRACK', 'TRACK');

INSERT INTO `device` (`device_id`, `created_at`, `updated_at`, `type`, `type_description`, `model`, `model_description`,
                      `model_description_eng`, `product_id`, `device_support_update_status`)
VALUES (1, '2020-07-23 11:59:52', '2021-06-04 09:54:11', 'PC', 'PC', 'WINDOWS_10',
        '<span style="color: #1468e2">Windows 10</span>', '<span style="color: #1468e2">Windows 10</span>', 2,
        'INACTIVE'),
       (2, '2020-07-23 11:59:52', '2020-07-23 11:59:53', 'REALWEAR', 'Realwear', 'HMT_SERIES',
        '<span style="color: #1468e2">HMT 시리즈</span>', '<span style="color: #1468e2">HMT Series</span>', 1, 'ACTIVE'),
       (3, '2020-07-23 11:59:52', '2020-07-23 11:59:53', 'MOBILE', 'Mobile', 'SMARTPHONE_TABLET',
        '<span style="color: #1468e2">스마트폰/태블릿  PC</span>', '<span style="color: #1468e2">Smartphone/Tablet PC</span>',
        1, 'ACTIVE'),
       (4, '2020-07-23 11:59:52', '2020-07-23 11:59:53', 'PC', 'PC', 'SAMPLE_GUI',
        '<span style="color: #1468e2">Sample GUI App</span>', '<span style="color: #1468e2">Sample GUI App</span>', 5,
        'INACTIVE'),
       (5, '2020-07-23 11:59:52', '2020-07-23 11:59:53', 'PC', 'PC', 'TRAINER_GUI',
        '<span style="color: #1468e2">Trainer GUI App</span>', '<span style="color: #1468e2">Trainer GUI App</span>', 5,
        'INACTIVE'),
       (6, '2020-07-23 11:59:52', '2020-07-23 11:59:53', 'PC', 'PC', 'TRACK_PACKAGE',
        '<span style="color: #1468e2">Track Package</span>', '<span style="color: #1468e2">Track Package</span>', 5,
        'INACTIVE'),
       (7, '2020-07-23 11:59:52', '2020-07-23 11:59:53', 'MOBILE', 'Mobile', 'SAMPLE_GUI',
        '<span style="color: #1468e2">Sample GUI App</span>', '<span style="color: #1468e2">Sample GUI App</span>', 5,
        'INACTIVE'),
       (8, '2020-07-23 11:59:52', '2020-07-23 11:59:53', 'PC', 'PC', 'SAMPLE_GUI',
        '<span style="color: #1468e2">Sample GUI App</span>', '<span style="color: #1468e2">Sample GUI App</span>', 5,
        'INACTIVE'),
       (9, '2020-07-23 11:59:52', '2020-07-23 11:59:53', 'PC', 'PC', 'TRAINER_CLI',
        '<span style="color: #1468e2">Trainer CLI App</span>', '<span style="color: #1468e2">Trainer CLI App</span>', 5,
        'INACTIVE'),
       (10, '2021-01-07 14:29:12', '2021-01-07 14:29:12', 'LINKFLOW', 'Linkflow', 'FITT/NEXX',
        '<span style="color: #1468e2">FITT/NEXX</span>', '<span style="color: #1468e2">FITT/NEXX</span>', 1, 'ACTIVE'),
       (11, '2020-07-23 11:59:52', '2020-07-23 11:59:53', 'REALWEAR', 'Realwear', 'HMT-1',
        '<span style="color: #1468e2">HMT-1</span>', '<span style="color: #1468e2">HMT-1</span>', 3, 'INACTIVE'),
       (12, '2020-07-23 11:59:52', '2020-07-23 11:59:53', 'MOBILE', 'Mobile', 'SMARTPHONE_TABLET',
        '<span style="color: #1468e2">스마트폰/태블릿  PC</span>', '<span style="color: #1468e2">Smartphone/Tablet PC</span>',
        3, 'INACTIVE'),
       (13, '2021-06-04 09:54:11', '2021-06-04 09:54:11', 'HOLOLENS', 'Hololens', 'HOLOLENS_2',
        '<span style="color: #1468e2">홀로렌즈 2</span>', '<span style="color: #1468e2">Hololens 2</span>', 1, 'INACTIVE'),
       (14, '2021-06-04 10:00:22', '2021-06-04 10:00:22', 'HOLOLENS', 'Hololens', 'HOLOLENS_2',
        '<span style="color: #1468e2">홀로렌즈 2</span>', '<span style="color: #1468e2">Hololens 2</span>', 3, 'INACTIVE'),
       (15, '2021-09-02 11:37:45', '2021-09-02 11:37:46', 'BLANK', 'BLANK', 'BLANK', 'BLANK', 'BLANK', 5, 'INACTIVE');

INSERT INTO `app` (`app_id`, `created_at`, `updated_at`, `app_download_count`, `app_url`, `guide_download_count`,
                   `guide_url`, `image_url`, `uuid`, `device_id`, `app_status`, `app_update_status`, `package_name`,
                   `signature`, `version_code`, `version_name`, `product_id`, `os_id`)
VALUES (146, '2022-01-11 03:29:09', '2022-01-11 03:29:09', 0,
        'https://192.168.6.3:2838/virnect-download/app/VIRNECT%20Remote%20New-hmt_series-release-v2.6.0_220111_1156.apk',
        0, 'https://file.virnect.com/Guide/remote_user_guide.pdf',
        'https://file.virnect.com/resource/view_realwear.png', 'ec24-5584c42ee43b', 2, 'ACTIVE', 'REQUIRED',
        'com.virnect.remote.realwear2', 'tWQ0giBAUabIU7GO8zgxBgVOjF_gDPCQeJlw6wIBRrE', 2600001, '2.6.0', 1, 2),

       (147, '2022-01-11 05:12:18', '2022-01-12 05:23:58', 1,
        'https://192.168.6.3:2838/virnect-download/app/VIRNECT%20Remote-mobile-release-v2.6.0_220111_1407.apk', 0,
        'https://file.virnect.com/Guide/remote_user_guide.pdf', 'https://file.virnect.com/resource/remote_android.png',
        '0b06-3d98007acee7', 3, 'ACTIVE', 'REQUIRED', 'com.virnect.remote.mobile2',
        'tWQ0giBAUabIU7GO8zgxBgVOjF_gDPCQeJlw6wIBRrE', 2600001, '2.6.0', 1, 2),

       (148, '2022-01-11 05:20:56', '2022-01-11 05:20:56', 0,
        'https://192.168.6.3:2838/virnect-download/app/VIRNECT%20Remote%20for%20Linkflow-linkflow-release-v2.6.0_220111_1415.apk',
        0, 'https://file.virnect.com/Guide/remote_linkflow_user_guide.pdf',
        'https://file.virnect.com/resource/remote_linkflow.png', 'e376-e5bb9433f688', 10, 'ACTIVE', 'REQUIRED',
        'com.virnect.remote.linkflow', 'maUXLWUOajzPlvgzUotLxUqtKwR8k7RydQYIGOZlBh4', 2600001, '2.6.0', 1, 2),

       (135, '2021-12-17 09:04:14', '2021-12-17 09:04:14', 0,
        'https://192.168.6.3:2838/virnect-download/app/MakeInstaller.exe', 0, NULL, '', '5ca2-5bf164fc3c76', 1,
        'ACTIVE', 'REQUIRED', NULL, NULL, 1302001, '1.3.2', 2, 3);
