INSERT INTO `device` (`device_id`, `created_at`, `updated_at`, `name`, `type`) VALUES (1, '2020-06-05 10:03:48', '2020-06-05 10:03:48', '<span style="color: #1468e2">Window</span>용 설치 파일', 'PC');
INSERT INTO `device` (`device_id`, `created_at`, `updated_at`, `name`, `type`) VALUES (2, '2020-06-05 10:03:48', '2020-06-05 10:03:48', '<span style="color: #1468e2">HMT-1</span>용 APK', 'Realwear');
INSERT INTO `device` (`device_id`, `created_at`, `updated_at`, `name`, `type`) VALUES (3, '2020-06-05 10:03:48', '2020-06-05 10:03:48', '<span style="color: #1468e2">스마트폰/타블릿</span>', 'Google Play');

INSERT INTO `os` (`os_id`, `created_at`, `updated_at`, `name`) VALUES (1, '2020-06-05 10:07:02', '2020-06-05 10:07:02', 'IOS');
INSERT INTO `os` (`os_id`, `created_at`, `updated_at`, `name`) VALUES (2, '2020-06-05 10:07:02', '2020-06-05 10:07:02', 'ANDROID');
INSERT INTO `os` (`os_id`, `created_at`, `updated_at`, `name`) VALUES (3, '2020-06-05 10:07:02', '2020-06-05 10:07:02', 'WINDOWS');

INSERT INTO `app` (`app_id`, `created_at`, `updated_at`, `app_download_count`, `app_url`, `guide_download_count`, `guide_url`, `image_url`, `product`, `uuid`, `version`, `device_id`, `os_id`) VALUES (1, '2020-06-05 10:07:33', '2020-06-05 01:50:24', 0, 'https://file.virnect.com/app/v2.0.08.00_make_winlodws_pc_20200529.zip', 0, NULL, 'https://file.virnect.com/resource/make_pc.png', 'MAKE', '05d1-8795535abb40', '2.0.08.00', 1, 3);
INSERT INTO `app` (`app_id`, `created_at`, `updated_at`, `app_download_count`, `app_url`, `guide_download_count`,`guide_url`, `image_url`, `product`, `uuid`, `version`, `device_id`, `os_id`) VALUES (2, '2020-02-02 10:07:33', '2020-02-02 10:07:33', 0, 'https://file.virnect.com/app/v2.0.08.00_make_winlodws_pc_20200529.zip', 0, NULL, 'https://file.virnect.com/resource/view_realwear.png', 'VIEW', 'b114-cbc236940471', '1.0.1', 2, 2);
INSERT INTO `app` (`app_id`, `created_at`, `updated_at`, `app_download_count`, `app_url`, `guide_download_count`, `guide_url`, `image_url`, `product`, `uuid`, `version`, `device_id`, `os_id`) VALUES (3, '2020-02-02 10:07:33', '2020-02-02 10:07:33', 0, 'https://play.google.com/store/apps/details?id=com.virnect.remote.mobile&hl=ko', 0, NULL, 'https://file.virnect.com/resource/view_android.png', 'VIEW', 'ed60-16991ea785f0', '1.0.1', 3, 2);
INSERT INTO `app` (`app_id`, `created_at`, `updated_at`, `app_download_count`, `app_url`, `guide_download_count`, `guide_url`, `image_url`, `product`, `uuid`, `version`, `device_id`, `os_id`) VALUES (4, '2020-02-02 10:07:33', '2020-06-05 01:51:23', 0, 'https://play.google.com/store/apps/details?id=com.virnect.remote.mobile&hl=ko', 0, NULL, 'https://file.virnect.com/resource/remote_android.png', 'REMOTE', '6a5c-cad2e71cb3fe', '1.0.1', 3, 2);
INSERT INTO `app` (`app_id`, `created_at`, `updated_at`, `app_download_count`, `app_url`, `guide_download_count`, `guide_url`, `image_url`, `product`, `uuid`, `version`, `device_id`, `os_id`) VALUES (5, '2020-02-02 10:07:33', '2020-02-02 10:07:33', 0, 'https://file.virnect.com/app/v2.0.08.00_make_winlodws_pc_20200529.zip', 0, NULL, 'https://file.virnect.com/resource/view_realwear.png', 'REMOTE', 'b114-cbc236940470', '1.0.1', 2, 2);
